"JOURNEY_ID","JOURNEY_TYPE","GOLD_STATUS","ACTIVE_RUNTIME_SOURCE","RESOLVER_PATH","LOCATION_BINDING","NARRATIVE_DNA","SEMANTIC_FINGERPRINT","PROGRESS_KEY","REWARD_STAMP","LANGUAGES","ASSET_RIGHTS_EVIDENCE"
"beijing-forbidden-city","NORMAL","APPROVED_GOLD","dailyJourneyIds/dailyJourneyExperiences","journeyExperienceById -> resolveAdaptiveJourneyLevel","journey_location_binding + GeoNode","approvedNarrativeDnaCatalog","approvedGoldSemanticFingerprints","journey:beijing-forbidden-city","Journey completion/stamp runtime","Chinese|Pinyin|Vietnamese|English","Journey sourceIds + bundled asset/background policy gates"
"beijing-summer-palace","NORMAL","APPROVED_GOLD","dailyJourneyIds/dailyJourneyExperiences","journeyExperienceById -> resolveAdaptiveJourneyLevel","journey_location_binding + GeoNode","approvedNarrativeDnaCatalog","approvedGoldSemanticFingerprints","journey:beijing-summer-palace","Journey completion/stamp runtime","Chinese|Pinyin|Vietnamese|English","Journey sourceIds + bundled asset/background policy gates"
"shanghai-bund","NORMAL","APPROVED_GOLD","dailyJourneyIds/dailyJourneyExperiences","journeyExperienceById -> resolveAdaptiveJourneyLevel","journey_location_binding + GeoNode","approvedNarrativeDnaCatalog","approvedGoldSemanticFingerprints","journey:shanghai-bund","Journey completion/stamp runtime","Chinese|Pinyin|Vietnamese|English","Journey sourceIds + bundled asset/background policy gates"
"xian-city-wall","NORMAL","APPROVED_GOLD","dailyJourneyIds/dailyJourneyExperiences","journeyExperienceById -> resolveAdaptiveJourneyLevel","journey_location_binding + GeoNode","approvedNarrativeDnaCatalog","approvedGoldSemanticFingerprints","journey:xian-city-wall","Journey completion/stamp runtime","Chinese|Pinyin|Vietnamese|English","Journey sourceIds + bundled asset/background policy gates"
"hangzhou-west-lake","NORMAL","APPROVED_GOLD","dailyJourneyIds/dailyJourneyExperiences","journeyExperienceById -> resolveAdaptiveJourneyLevel","journey_location_binding + GeoNode","approvedNarrativeDnaCatalog","approvedGoldSemanticFingerprints","journey:hangzhou-west-lake","Journey completion/stamp runtime","Chinese|Pinyin|Vietnamese|English","Journey sourceIds + bundled asset/background policy gates"
"chengdu-kuanzhai-alley","NORMAL","APPROVED_GOLD","dailyJourneyIds/dailyJourneyExperiences","journeyExperienceById -> resolveAdaptiveJourneyLevel","journey_location_binding + GeoNode","approvedNarrativeDnaCatalog","approvedGoldSemanticFingerprints","journey:chengdu-kuanzhai-alley","Journey completion/stamp runtime","Chinese|Pinyin|Vietnamese|English","Journey sourceIds + bundled asset/background policy gates"
"nanjing-qinhuai-river","NORMAL","APPROVED_GOLD","dailyJourneyIds/dailyJourneyExperiences","journeyExperienceById -> resolveAdaptiveJourneyLevel","journey_location_binding + GeoNode","approvedNarrativeDnaCatalog","approvedGoldSemanticFingerprints","journey:nanjing-qinhuai-river","Journey completion/stamp runtime","Chinese|Pinyin|Vietnamese|English","Journey sourceIds + bundled asset/background policy gates"
"guangzhou-chen-clan-academy","NORMAL","APPROVED_GOLD","dailyJourneyIds/dailyJourneyExperiences","journeyExperienceById -> resolveAdaptiveJourneyLevel","journey_location_binding + GeoNode","approvedNarrativeDnaCatalog","approvedGoldSemanticFingerprints","journey:guangzhou-chen-clan-academy","Journey completion/stamp runtime","Chinese|Pinyin|Vietnamese|English","Journey sourceIds + bundled asset/background policy gates"
"jiangmen-kaiping-diaolou","NORMAL","APPROVED_GOLD","dailyJourneyIds/dailyJourneyExperiences","journeyExperienceById -> resolveAdaptiveJourneyLevel","journey_location_binding + GeoNode","approvedNarrativeDnaCatalog","approvedGoldSemanticFingerprints","journey:jiangmen-kaiping-diaolou","Journey completion/stamp runtime","Chinese|Pinyin|Vietnamese|English","Journey sourceIds + bundled asset/background policy gates"
"suzhou-humble-administrators-garden","NORMAL","APPROVED_GOLD","dailyJourneyIds/dailyJourneyExperiences","journeyExperienceById -> resolveAdaptiveJourneyLevel","journey_location_binding + GeoNode","approvedNarrativeDnaCatalog","approvedGoldSemanticFingerprints","journey:suzhou-humble-administrators-garden","Journey completion/stamp runtime","Chinese|Pinyin|Vietnamese|English","Journey sourceIds + bundled asset/background policy gates"
"luoyang-longmen-grottoes","NORMAL","APPROVED_GOLD","dailyJourneyIds/dailyJourneyExperiences","journeyExperienceById -> resolveAdaptiveJourneyLevel","journey_location_binding + GeoNode","approvedNarrativeDnaCatalog","approvedGoldSemanticFingerprints","journey:luoyang-longmen-grottoes","Journey completion/stamp runtime","Chinese|Pinyin|Vietnamese|English","Journey sourceIds + bundled asset/background policy gates"
"quanzhou-kaiyuan-temple","NORMAL","ACTIVE_NON_GOLD","dailyJourneyIds/dailyJourneyExperiences","journeyExperienceById -> resolveAdaptiveJourneyLevel","journey_location_binding + GeoNode","ACTIVE_NOT_APPROVED_GOLD","ACTIVE_NOT_APPROVED_GOLD","journey:quanzhou-kaiyuan-temple","Journey completion/stamp runtime","Chinese|Pinyin|Vietnamese|English","Journey sourceIds + bundled asset/background policy gates"
"datong-yungang-grottoes","NORMAL","APPROVED_GOLD","dailyJourneyIds/dailyJourneyExperiences","journeyExperienceById -> resolveAdaptiveJourneyLevel","journey_location_binding + GeoNode","approvedNarrativeDnaCatalog","approvedGoldSemanticFingerprints","journey:datong-yungang-grottoes","Journey completion/stamp runtime","Chinese|Pinyin|Vietnamese|English","Journey sourceIds + bundled asset/background policy gates"
"lijiang-old-town","NORMAL","APPROVED_GOLD","dailyJourneyIds/dailyJourneyExperiences","journeyExperienceById -> resolveAdaptiveJourneyLevel","journey_location_binding + GeoNode","approvedNarrativeDnaCatalog","approvedGoldSemanticFingerprints","journey:lijiang-old-town","Journey completion/stamp runtime","Chinese|Pinyin|Vietnamese|English","Journey sourceIds + bundled asset/background policy gates"
"dunhuang-mogao-caves","NORMAL","ACTIVE_NON_GOLD","dailyJourneyIds/dailyJourneyExperiences","journeyExperienceById -> resolveAdaptiveJourneyLevel","journey_location_binding + GeoNode","ACTIVE_NOT_APPROVED_GOLD","ACTIVE_NOT_APPROVED_GOLD","journey:dunhuang-mogao-caves","Journey completion/stamp runtime","Chinese|Pinyin|Vietnamese|English","Journey sourceIds + bundled asset/background policy gates"
"chengde-mountain-resort","NORMAL","ACTIVE_NON_GOLD","dailyJourneyIds/dailyJourneyExperiences","journeyExperienceById -> resolveAdaptiveJourneyLevel","journey_location_binding + GeoNode","ACTIVE_NOT_APPROVED_GOLD","ACTIVE_NOT_APPROVED_GOLD","journey:chengde-mountain-resort","Journey completion/stamp runtime","Chinese|Pinyin|Vietnamese|English","Journey sourceIds + bundled asset/background policy gates"
"xiamen-kulangsu","NORMAL","ACTIVE_NON_GOLD","dailyJourneyIds/dailyJourneyExperiences","journeyExperienceById -> resolveAdaptiveJourneyLevel","journey_location_binding + GeoNode","ACTIVE_NOT_APPROVED_GOLD","ACTIVE_NOT_APPROVED_GOLD","journey:xiamen-kulangsu","Journey completion/stamp runtime","Chinese|Pinyin|Vietnamese|English","Journey sourceIds + bundled asset/background policy gates"
"pingyao-ancient-city","NORMAL","GOLD_CANDIDATE","dailyJourneyIds/dailyJourneyExperiences","journeyExperienceById -> resolveAdaptiveJourneyLevel","journey_location_binding + GeoNode","ACTIVE_NOT_APPROVED_GOLD","ACTIVE_NOT_APPROVED_GOLD","journey:pingyao-ancient-city","Journey completion/stamp runtime","Chinese|Pinyin|Vietnamese|English","Journey sourceIds + bundled asset/background policy gates"
"qufu-confucius-sites","NORMAL","ACTIVE_NON_GOLD","dailyJourneyIds/dailyJourneyExperiences","journeyExperienceById -> resolveAdaptiveJourneyLevel","journey_location_binding + GeoNode","ACTIVE_NOT_APPROVED_GOLD","ACTIVE_NOT_APPROVED_GOLD","journey:qufu-confucius-sites","Journey completion/stamp runtime","Chinese|Pinyin|Vietnamese|English","Journey sourceIds + bundled asset/background policy gates"
"leshan-giant-buddha","NORMAL","ACTIVE_NON_GOLD","dailyJourneyIds/dailyJourneyExperiences","journeyExperienceById -> resolveAdaptiveJourneyLevel","journey_location_binding + GeoNode","ACTIVE_NOT_APPROVED_GOLD","ACTIVE_NOT_APPROVED_GOLD","journey:leshan-giant-buddha","Journey completion/stamp runtime","Chinese|Pinyin|Vietnamese|English","Journey sourceIds + bundled asset/background policy gates"
"wuyishan-nine-bend-stream","NORMAL","ACTIVE_NON_GOLD","dailyJourneyIds/dailyJourneyExperiences","journeyExperienceById -> resolveAdaptiveJourneyLevel","journey_location_binding + GeoNode","ACTIVE_NOT_APPROVED_GOLD","ACTIVE_NOT_APPROVED_GOLD","journey:wuyishan-nine-bend-stream","Journey completion/stamp runtime","Chinese|Pinyin|Vietnamese|English","Journey sourceIds + bundled asset/background policy gates"
"honghe-hani-rice-terraces","NORMAL","APPROVED_GOLD","dailyJourneyIds/dailyJourneyExperiences","journeyExperienceById -> resolveAdaptiveJourneyLevel","journey_location_binding + GeoNode","approvedNarrativeDnaCatalog","approvedGoldSemanticFingerprints","journey:honghe-hani-rice-terraces","Journey completion/stamp runtime","Chinese|Pinyin|Vietnamese|English","Journey sourceIds + bundled asset/background policy gates"
"huangshan-cloud-peaks","NORMAL","ACTIVE_NON_GOLD","dailyJourneyIds/dailyJourneyExperiences","journeyExperienceById -> resolveAdaptiveJourneyLevel","journey_location_binding + GeoNode","ACTIVE_NOT_APPROVED_GOLD","ACTIVE_NOT_APPROVED_GOLD","journey:huangshan-cloud-peaks","Journey completion/stamp runtime","Chinese|Pinyin|Vietnamese|English","Journey sourceIds + bundled asset/background policy gates"
"zhangjiajie-wulingyuan","NORMAL","ACTIVE_NON_GOLD","dailyJourneyIds/dailyJourneyExperiences","journeyExperienceById -> resolveAdaptiveJourneyLevel","journey_location_binding + GeoNode","ACTIVE_NOT_APPROVED_GOLD","ACTIVE_NOT_APPROVED_GOLD","journey:zhangjiajie-wulingyuan","Journey completion/stamp runtime","Chinese|Pinyin|Vietnamese|English","Journey sourceIds + bundled asset/background policy gates"
"kaifeng-song-capital","NORMAL","ACTIVE_NON_GOLD","dailyJourneyIds/dailyJourneyExperiences","journeyExperienceById -> resolveAdaptiveJourneyLevel","journey_location_binding + GeoNode","ACTIVE_NOT_APPROVED_GOLD","ACTIVE_NOT_APPROVED_GOLD","journey:kaifeng-song-capital","Journey completion/stamp runtime","Chinese|Pinyin|Vietnamese|English","Journey sourceIds + bundled asset/background policy gates"
"dali-cangshan-erhai","NORMAL","ACTIVE_NON_GOLD","dailyJourneyIds/dailyJourneyExperiences","journeyExperienceById -> resolveAdaptiveJourneyLevel","journey_location_binding + GeoNode","ACTIVE_NOT_APPROVED_GOLD","ACTIVE_NOT_APPROVED_GOLD","journey:dali-cangshan-erhai","Journey completion/stamp runtime","Chinese|Pinyin|Vietnamese|English","Journey sourceIds + bundled asset/background policy gates"
"harbin-central-street","NORMAL","ACTIVE_NON_GOLD","dailyJourneyIds/dailyJourneyExperiences","journeyExperienceById -> resolveAdaptiveJourneyLevel","journey_location_binding + GeoNode","ACTIVE_NOT_APPROVED_GOLD","ACTIVE_NOT_APPROVED_GOLD","journey:harbin-central-street","Journey completion/stamp runtime","Chinese|Pinyin|Vietnamese|English","Journey sourceIds + bundled asset/background policy gates"
"literary-roaming","SPECIAL","ACTIVE_NON_GOLD","specialJourneyExperiences","journeyExperienceById -> resolveAdaptiveJourneyLevel","journey_location_binding + GeoNode","ACTIVE_NOT_APPROVED_GOLD","ACTIVE_NOT_APPROVED_GOLD","journey:literary-roaming","Journey completion/stamp runtime","Chinese|Pinyin|Vietnamese|English","Journey sourceIds + bundled asset/background policy gates"
"myth-tracing","SPECIAL","ACTIVE_NON_GOLD","specialJourneyExperiences","journeyExperienceById -> resolveAdaptiveJourneyLevel","journey_location_binding + GeoNode","ACTIVE_NOT_APPROVED_GOLD","ACTIVE_NOT_APPROVED_GOLD","journey:myth-tracing","Journey completion/stamp runtime","Chinese|Pinyin|Vietnamese|English","Journey sourceIds + bundled asset/background policy gates"
"strange-night-talks","SPECIAL","ACTIVE_NON_GOLD","specialJourneyExperiences","journeyExperienceById -> resolveAdaptiveJourneyLevel","journey_location_binding + GeoNode","ACTIVE_NOT_APPROVED_GOLD","ACTIVE_NOT_APPROVED_GOLD","journey:strange-night-talks","Journey completion/stamp runtime","Chinese|Pinyin|Vietnamese|English","Journey sourceIds + bundled asset/background policy gates"
"folk-secret-land","SPECIAL","ACTIVE_NON_GOLD","specialJourneyExperiences","journeyExperienceById -> resolveAdaptiveJourneyLevel","journey_location_binding + GeoNode","ACTIVE_NOT_APPROVED_GOLD","ACTIVE_NOT_APPROVED_GOLD","journey:folk-secret-land","Journey completion/stamp runtime","Chinese|Pinyin|Vietnamese|English","Journey sourceIds + bundled asset/background policy gates"
"changan-last-bus","SPECIAL","ACTIVE_NON_GOLD","specialJourneyExperiences","journeyExperienceById -> resolveAdaptiveJourneyLevel","journey_location_binding + GeoNode","ACTIVE_NOT_APPROVED_GOLD","ACTIVE_NOT_APPROVED_GOLD","journey:changan-last-bus","Journey completion/stamp runtime","Chinese|Pinyin|Vietnamese|English","Journey sourceIds + bundled asset/background policy gates"
"tide-letter","SPECIAL","ACTIVE_NON_GOLD","specialJourneyExperiences","journeyExperienceById -> resolveAdaptiveJourneyLevel","journey_location_binding + GeoNode","ACTIVE_NOT_APPROVED_GOLD","ACTIVE_NOT_APPROVED_GOLD","journey:tide-letter","Journey completion/stamp runtime","Chinese|Pinyin|Vietnamese|English","Journey sourceIds + bundled asset/background policy gates"
"arcade-lost-property","SPECIAL","ACTIVE_NON_GOLD","specialJourneyExperiences","journeyExperienceById -> resolveAdaptiveJourneyLevel","journey_location_binding + GeoNode","ACTIVE_NOT_APPROVED_GOLD","ACTIVE_NOT_APPROVED_GOLD","journey:arcade-lost-property","Journey completion/stamp runtime","Chinese|Pinyin|Vietnamese|English","Journey sourceIds + bundled asset/background policy gates"
"tea-horse-echo","SPECIAL","ACTIVE_NON_GOLD","specialJourneyExperiences","journeyExperienceById -> resolveAdaptiveJourneyLevel","journey_location_binding + GeoNode","ACTIVE_NOT_APPROVED_GOLD","ACTIVE_NOT_APPROVED_GOLD","journey:tea-horse-echo","Journey completion/stamp runtime","Chinese|Pinyin|Vietnamese|English","Journey sourceIds + bundled asset/background policy gates"
"ice-city-star-map","SPECIAL","ACTIVE_NON_GOLD","specialJourneyExperiences","journeyExperienceById -> resolveAdaptiveJourneyLevel","journey_location_binding + GeoNode","ACTIVE_NOT_APPROVED_GOLD","ACTIVE_NOT_APPROVED_GOLD","journey:ice-city-star-map","Journey completion/stamp runtime","Chinese|Pinyin|Vietnamese|English","Journey sourceIds + bundled asset/background policy gates"
