"FILE","VERSION","STATUS","EFFECTIVE_SCOPE","REQUIREMENT_IDS","HUMAN_GATES","FOUNDER_GATES","MACHINE_GATES","SUPERSEDES","SUPERSEDED_BY","PRECEDENCE"
"docs/PHOENIX_PRODUCT_QUALITY_STANDARD.md","main@e3d1f30b951d6ab27d7660b9b729d4f8af9a8d49","CURRENT_EFFECTIVE","Phoenix product/Journey clauses as written","PHOENIX_PRODUCT_QUALITY_STANDARD-001|PHOENIX_PRODUCT_QUALITY_STANDARD-002|PHOENIX_PRODUCT_QUALITY_STANDARD-003|PHOENIX_PRODUCT_QUALITY_STANDARD-004|PHOENIX_PRODUCT_QUALITY_STANDARD-005|PHOENIX_PRODUCT_QUALITY_STANDARD-006|PHOENIX_PRODUCT_QUALITY_STANDARD-007|PHOENIX_PRODUCT_QUALITY_STANDARD-008|PHOENIX_PRODUCT_QUALITY_STANDARD-009|PHOENIX_PRODUCT_QUALITY_STANDARD-010|PHOENIX_PRODUCT_QUALITY_STANDARD-011|PHOENIX_PRODUCT_QUALITY_STANDARD-012|PHOENIX_PRODUCT_QUALITY_STANDARD-013|PHOENIX_PRODUCT_QUALITY_STANDARD-014|PHOENIX_PRODUCT_QUALITY_STANDARD-015|PHOENIX_PRODUCT_QUALITY_STANDARD-016|PHOENIX_PRODUCT_QUALITY_STANDARD-017|PHOENIX_PRODUCT_QUALITY_STANDARD-018|PHOENIX_PRODUCT_QUALITY_STANDARD-019|PHOENIX_PRODUCT_QUALITY_STANDARD-020|PHOENIX_PRODUCT_QUALITY_STANDARD-021|PHOENIX_PRODUCT_QUALITY_STANDARD-022|PHOENIX_PRODUCT_QUALITY_STANDARD-023|PHOENIX_PRODUCT_QUALITY_STANDARD-024|PHOENIX_PRODUCT_QUALITY_STANDARD-025|PHOENIX_PRODUCT_QUALITY_STANDARD-026|PHOENIX_PRODUCT_QUALITY_STANDARD-027|PHOENIX_PRODUCT_QUALITY_STANDARD-028|PHOENIX_PRODUCT_QUALITY_STANDARD-029|PHOENIX_PRODUCT_QUALITY_STANDARD-030|PHOENIX_PRODUCT_QUALITY_STANDARD-031|PHOENIX_PRODUCT_QUALITY_STANDARD-032|PHOENIX_PRODUCT_QUALITY_STANDARD-033|PHOENIX_PRODUCT_QUALITY_STANDARD-034|PHOENIX_PRODUCT_QUALITY_STANDARD-035|PHOENIX_PRODUCT_QUALITY_STANDARD-036|PHOENIX_PRODUCT_QUALITY_STANDARD-037|PHOENIX_PRODUCT_QUALITY_STANDARD-038|PHOENIX_PRODUCT_QUALITY_STANDARD-039|PHOENIX_PRODUCT_QUALITY_STANDARD-040|PHOENIX_PRODUCT_QUALITY_STANDARD-041|PHOENIX_PRODUCT_QUALITY_STANDARD-042|PHOENIX_PRODUCT_QUALITY_STANDARD-043|PHOENIX_PRODUCT_QUALITY_STANDARD-044|PHOENIX_PRODUCT_QUALITY_STANDARD-045","Explicit human-review clauses","Explicit Founder-approval clauses","CI/runtime/evidence gates","","","Newer explicit supersession > specific canonical standard > stable baseline > product principles"
"docs/PHOENIX_STABLE_BASELINE_STANDARD.md","main@e3d1f30b951d6ab27d7660b9b729d4f8af9a8d49","CURRENT_EFFECTIVE","Phoenix product/Journey clauses as written","PHOENIX_STABLE_BASELINE_STANDARD-001|PHOENIX_STABLE_BASELINE_STANDARD-002|PHOENIX_STABLE_BASELINE_STANDARD-003|PHOENIX_STABLE_BASELINE_STANDARD-004|PHOENIX_STABLE_BASELINE_STANDARD-005|PHOENIX_STABLE_BASELINE_STANDARD-006|PHOENIX_STABLE_BASELINE_STANDARD-007|PHOENIX_STABLE_BASELINE_STANDARD-008|PHOENIX_STABLE_BASELINE_STANDARD-009|PHOENIX_STABLE_BASELINE_STANDARD-010|PHOENIX_STABLE_BASELINE_STANDARD-011|PHOENIX_STABLE_BASELINE_STANDARD-012|PHOENIX_STABLE_BASELINE_STANDARD-013|PHOENIX_STABLE_BASELINE_STANDARD-014|PHOENIX_STABLE_BASELINE_STANDARD-015|PHOENIX_STABLE_BASELINE_STANDARD-016|PHOENIX_STABLE_BASELINE_STANDARD-017|PHOENIX_STABLE_BASELINE_STANDARD-018|PHOENIX_STABLE_BASELINE_STANDARD-019|PHOENIX_STABLE_BASELINE_STANDARD-020|PHOENIX_STABLE_BASELINE_STANDARD-021|PHOENIX_STABLE_BASELINE_STANDARD-022|PHOENIX_STABLE_BASELINE_STANDARD-023|PHOENIX_STABLE_BASELINE_STANDARD-024|PHOENIX_STABLE_BASELINE_STANDARD-025|PHOENIX_STABLE_BASELINE_STANDARD-026|PHOENIX_STABLE_BASELINE_STANDARD-027|PHOENIX_STABLE_BASELINE_STANDARD-028|PHOENIX_STABLE_BASELINE_STANDARD-029|PHOENIX_STABLE_BASELINE_STANDARD-030|PHOENIX_STABLE_BASELINE_STANDARD-031|PHOENIX_STABLE_BASELINE_STANDARD-032|PHOENIX_STABLE_BASELINE_STANDARD-033|PHOENIX_STABLE_BASELINE_STANDARD-034|PHOENIX_STABLE_BASELINE_STANDARD-035|PHOENIX_STABLE_BASELINE_STANDARD-036","Explicit human-review clauses","Explicit Founder-approval clauses","CI/runtime/evidence gates","","","Newer explicit supersession > specific canonical standard > stable baseline > product principles"
"docs/PHOENIX_DEVELOPMENT_COMPLETION_STANDARD.md","main@e3d1f30b951d6ab27d7660b9b729d4f8af9a8d49","CURRENT_EFFECTIVE","Phoenix product/Journey clauses as written","PHOENIX_DEVELOPMENT_COMPLETION_STANDARD-001|PHOENIX_DEVELOPMENT_COMPLETION_STANDARD-002|PHOENIX_DEVELOPMENT_COMPLETION_STANDARD-003|PHOENIX_DEVELOPMENT_COMPLETION_STANDARD-004|PHOENIX_DEVELOPMENT_COMPLETION_STANDARD-005|PHOENIX_DEVELOPMENT_COMPLETION_STANDARD-006|PHOENIX_DEVELOPMENT_COMPLETION_STANDARD-007|PHOENIX_DEVELOPMENT_COMPLETION_STANDARD-008|PHOENIX_DEVELOPMENT_COMPLETION_STANDARD-009|PHOENIX_DEVELOPMENT_COMPLETION_STANDARD-010|PHOENIX_DEVELOPMENT_COMPLETION_STANDARD-011|PHOENIX_DEVELOPMENT_COMPLETION_STANDARD-012|PHOENIX_DEVELOPMENT_COMPLETION_STANDARD-013|PHOENIX_DEVELOPMENT_COMPLETION_STANDARD-014|PHOENIX_DEVELOPMENT_COMPLETION_STANDARD-015|PHOENIX_DEVELOPMENT_COMPLETION_STANDARD-016|PHOENIX_DEVELOPMENT_COMPLETION_STANDARD-017|PHOENIX_DEVELOPMENT_COMPLETION_STANDARD-018|PHOENIX_DEVELOPMENT_COMPLETION_STANDARD-019|PHOENIX_DEVELOPMENT_COMPLETION_STANDARD-020|PHOENIX_DEVELOPMENT_COMPLETION_STANDARD-021|PHOENIX_DEVELOPMENT_COMPLETION_STANDARD-022|PHOENIX_DEVELOPMENT_COMPLETION_STANDARD-023|PHOENIX_DEVELOPMENT_COMPLETION_STANDARD-024|PHOENIX_DEVELOPMENT_COMPLETION_STANDARD-025|PHOENIX_DEVELOPMENT_COMPLETION_STANDARD-026|PHOENIX_DEVELOPMENT_COMPLETION_STANDARD-027|PHOENIX_DEVELOPMENT_COMPLETION_STANDARD-028|PHOENIX_DEVELOPMENT_COMPLETION_STANDARD-029|PHOENIX_DEVELOPMENT_COMPLETION_STANDARD-030|PHOENIX_DEVELOPMENT_COMPLETION_STANDARD-031|PHOENIX_DEVELOPMENT_COMPLETION_STANDARD-032|PHOENIX_DEVELOPMENT_COMPLETION_STANDARD-033|PHOENIX_DEVELOPMENT_COMPLETION_STANDARD-034|PHOENIX_DEVELOPMENT_COMPLETION_STANDARD-035|PHOENIX_DEVELOPMENT_COMPLETION_STANDARD-036","Explicit human-review clauses","Explicit Founder-approval clauses","CI/runtime/evidence gates","","","Newer explicit supersession > specific canonical standard > stable baseline > product principles"
"docs/PHOENIX_FULL_APPLICATION_AUDIT_STANDARD.md","main@e3d1f30b951d6ab27d7660b9b729d4f8af9a8d49","CURRENT_EFFECTIVE","Phoenix product/Journey clauses as written","PHOENIX_FULL_APPLICATION_AUDIT_STANDARD-001|PHOENIX_FULL_APPLICATION_AUDIT_STANDARD-002|PHOENIX_FULL_APPLICATION_AUDIT_STANDARD-003|PHOENIX_FULL_APPLICATION_AUDIT_STANDARD-004|PHOENIX_FULL_APPLICATION_AUDIT_STANDARD-005|PHOENIX_FULL_APPLICATION_AUDIT_STANDARD-006|PHOENIX_FULL_APPLICATION_AUDIT_STANDARD-007|PHOENIX_FULL_APPLICATION_AUDIT_STANDARD-008|PHOENIX_FULL_APPLICATION_AUDIT_STANDARD-009|PHOENIX_FULL_APPLICATION_AUDIT_STANDARD-010|PHOENIX_FULL_APPLICATION_AUDIT_STANDARD-011|PHOENIX_FULL_APPLICATION_AUDIT_STANDARD-012|PHOENIX_FULL_APPLICATION_AUDIT_STANDARD-013|PHOENIX_FULL_APPLICATION_AUDIT_STANDARD-014|PHOENIX_FULL_APPLICATION_AUDIT_STANDARD-015|PHOENIX_FULL_APPLICATION_AUDIT_STANDARD-016|PHOENIX_FULL_APPLICATION_AUDIT_STANDARD-017|PHOENIX_FULL_APPLICATION_AUDIT_STANDARD-018|PHOENIX_FULL_APPLICATION_AUDIT_STANDARD-019|PHOENIX_FULL_APPLICATION_AUDIT_STANDARD-020|PHOENIX_FULL_APPLICATION_AUDIT_STANDARD-021|PHOENIX_FULL_APPLICATION_AUDIT_STANDARD-022|PHOENIX_FULL_APPLICATION_AUDIT_STANDARD-023|PHOENIX_FULL_APPLICATION_AUDIT_STANDARD-024|PHOENIX_FULL_APPLICATION_AUDIT_STANDARD-025|PHOENIX_FULL_APPLICATION_AUDIT_STANDARD-026|PHOENIX_FULL_APPLICATION_AUDIT_STANDARD-027|PHOENIX_FULL_APPLICATION_AUDIT_STANDARD-028|PHOENIX_FULL_APPLICATION_AUDIT_STANDARD-029|PHOENIX_FULL_APPLICATION_AUDIT_STANDARD-030|PHOENIX_FULL_APPLICATION_AUDIT_STANDARD-031|PHOENIX_FULL_APPLICATION_AUDIT_STANDARD-032|PHOENIX_FULL_APPLICATION_AUDIT_STANDARD-033|PHOENIX_FULL_APPLICATION_AUDIT_STANDARD-034|PHOENIX_FULL_APPLICATION_AUDIT_STANDARD-035|PHOENIX_FULL_APPLICATION_AUDIT_STANDARD-036|PHOENIX_FULL_APPLICATION_AUDIT_STANDARD-037|PHOENIX_FULL_APPLICATION_AUDIT_STANDARD-038|PHOENIX_FULL_APPLICATION_AUDIT_STANDARD-039|PHOENIX_FULL_APPLICATION_AUDIT_STANDARD-040|PHOENIX_FULL_APPLICATION_AUDIT_STANDARD-041","Explicit human-review clauses","Explicit Founder-approval clauses","CI/runtime/evidence gates","","","Newer explicit supersession > specific canonical standard > stable baseline > product principles"
"docs/PHOENIX_JOURNEY_SYSTEM_STANDARD.md","main@e3d1f30b951d6ab27d7660b9b729d4f8af9a8d49","CURRENT_EFFECTIVE","Phoenix product/Journey clauses as written","PHOENIX_JOURNEY_SYSTEM_STANDARD-001|PHOENIX_JOURNEY_SYSTEM_STANDARD-002|PHOENIX_JOURNEY_SYSTEM_STANDARD-003|PHOENIX_JOURNEY_SYSTEM_STANDARD-004|PHOENIX_JOURNEY_SYSTEM_STANDARD-005|PHOENIX_JOURNEY_SYSTEM_STANDARD-006|PHOENIX_JOURNEY_SYSTEM_STANDARD-007|PHOENIX_JOURNEY_SYSTEM_STANDARD-008|PHOENIX_JOURNEY_SYSTEM_STANDARD-009|PHOENIX_JOURNEY_SYSTEM_STANDARD-010|PHOENIX_JOURNEY_SYSTEM_STANDARD-011|PHOENIX_JOURNEY_SYSTEM_STANDARD-012|PHOENIX_JOURNEY_SYSTEM_STANDARD-013|PHOENIX_JOURNEY_SYSTEM_STANDARD-014|PHOENIX_JOURNEY_SYSTEM_STANDARD-015|PHOENIX_JOURNEY_SYSTEM_STANDARD-016|PHOENIX_JOURNEY_SYSTEM_STANDARD-017|PHOENIX_JOURNEY_SYSTEM_STANDARD-018|PHOENIX_JOURNEY_SYSTEM_STANDARD-019|PHOENIX_JOURNEY_SYSTEM_STANDARD-020|PHOENIX_JOURNEY_SYSTEM_STANDARD-021|PHOENIX_JOURNEY_SYSTEM_STANDARD-022|PHOENIX_JOURNEY_SYSTEM_STANDARD-023|PHOENIX_JOURNEY_SYSTEM_STANDARD-024|PHOENIX_JOURNEY_SYSTEM_STANDARD-025|PHOENIX_JOURNEY_SYSTEM_STANDARD-026|PHOENIX_JOURNEY_SYSTEM_STANDARD-027|PHOENIX_JOURNEY_SYSTEM_STANDARD-028|PHOENIX_JOURNEY_SYSTEM_STANDARD-029|PHOENIX_JOURNEY_SYSTEM_STANDARD-030|PHOENIX_JOURNEY_SYSTEM_STANDARD-031|PHOENIX_JOURNEY_SYSTEM_STANDARD-032|PHOENIX_JOURNEY_SYSTEM_STANDARD-033|PHOENIX_JOURNEY_SYSTEM_STANDARD-034|PHOENIX_JOURNEY_SYSTEM_STANDARD-035|PHOENIX_JOURNEY_SYSTEM_STANDARD-036|PHOENIX_JOURNEY_SYSTEM_STANDARD-037|PHOENIX_JOURNEY_SYSTEM_STANDARD-038|PHOENIX_JOURNEY_SYSTEM_STANDARD-039|PHOENIX_JOURNEY_SYSTEM_STANDARD-040|PHOENIX_JOURNEY_SYSTEM_STANDARD-041|PHOENIX_JOURNEY_SYSTEM_STANDARD-042|PHOENIX_JOURNEY_SYSTEM_STANDARD-043|PHOENIX_JOURNEY_SYSTEM_STANDARD-044|PHOENIX_JOURNEY_SYSTEM_STANDARD-045|PHOENIX_JOURNEY_SYSTEM_STANDARD-046|PHOENIX_JOURNEY_SYSTEM_STANDARD-047|PHOENIX_JOURNEY_SYSTEM_STANDARD-048|PHOENIX_JOURNEY_SYSTEM_STANDARD-049|PHOENIX_JOURNEY_SYSTEM_STANDARD-050|PHOENIX_JOURNEY_SYSTEM_STANDARD-051|PHOENIX_JOURNEY_SYSTEM_STANDARD-052|PHOENIX_JOURNEY_SYSTEM_STANDARD-053|PHOENIX_JOURNEY_SYSTEM_STANDARD-054|PHOENIX_JOURNEY_SYSTEM_STANDARD-055|PHOENIX_JOURNEY_SYSTEM_STANDARD-056|PHOENIX_JOURNEY_SYSTEM_STANDARD-057|PHOENIX_JOURNEY_SYSTEM_STANDARD-058|PHOENIX_JOURNEY_SYSTEM_STANDARD-059|PHOENIX_JOURNEY_SYSTEM_STANDARD-060|PHOENIX_JOURNEY_SYSTEM_STANDARD-061|PHOENIX_JOURNEY_SYSTEM_STANDARD-062|PHOENIX_JOURNEY_SYSTEM_STANDARD-063|PHOENIX_JOURNEY_SYSTEM_STANDARD-064|PHOENIX_JOURNEY_SYSTEM_STANDARD-065|PHOENIX_JOURNEY_SYSTEM_STANDARD-066|PHOENIX_JOURNEY_SYSTEM_STANDARD-067|PHOENIX_JOURNEY_SYSTEM_STANDARD-068|PHOENIX_JOURNEY_SYSTEM_STANDARD-069|PHOENIX_JOURNEY_SYSTEM_STANDARD-070|PHOENIX_JOURNEY_SYSTEM_STANDARD-071|PHOENIX_JOURNEY_SYSTEM_STANDARD-072|PHOENIX_JOURNEY_SYSTEM_STANDARD-073|PHOENIX_JOURNEY_SYSTEM_STANDARD-074|PHOENIX_JOURNEY_SYSTEM_STANDARD-075|PHOENIX_JOURNEY_SYSTEM_STANDARD-076|PHOENIX_JOURNEY_SYSTEM_STANDARD-077|PHOENIX_JOURNEY_SYSTEM_STANDARD-078|PHOENIX_JOURNEY_SYSTEM_STANDARD-079|PHOENIX_JOURNEY_SYSTEM_STANDARD-080","Explicit human-review clauses","Explicit Founder-approval clauses","CI/runtime/evidence gates","","PHOENIX_SIX_STAGE_JOURNEY_STANDARD.md for visible stages","Newer explicit supersession > specific canonical standard > stable baseline > product principles"
"docs/PHOENIX_SIX_STAGE_JOURNEY_STANDARD.md","main@e3d1f30b951d6ab27d7660b9b729d4f8af9a8d49","CURRENT_EFFECTIVE","Phoenix product/Journey clauses as written","PHOENIX_SIX_STAGE_JOURNEY_STANDARD-001|PHOENIX_SIX_STAGE_JOURNEY_STANDARD-002|PHOENIX_SIX_STAGE_JOURNEY_STANDARD-003|PHOENIX_SIX_STAGE_JOURNEY_STANDARD-004|PHOENIX_SIX_STAGE_JOURNEY_STANDARD-005|PHOENIX_SIX_STAGE_JOURNEY_STANDARD-006|PHOENIX_SIX_STAGE_JOURNEY_STANDARD-007|PHOENIX_SIX_STAGE_JOURNEY_STANDARD-008|PHOENIX_SIX_STAGE_JOURNEY_STANDARD-009|PHOENIX_SIX_STAGE_JOURNEY_STANDARD-010|PHOENIX_SIX_STAGE_JOURNEY_STANDARD-011|PHOENIX_SIX_STAGE_JOURNEY_STANDARD-012|PHOENIX_SIX_STAGE_JOURNEY_STANDARD-013|PHOENIX_SIX_STAGE_JOURNEY_STANDARD-014|PHOENIX_SIX_STAGE_JOURNEY_STANDARD-015|PHOENIX_SIX_STAGE_JOURNEY_STANDARD-016|PHOENIX_SIX_STAGE_JOURNEY_STANDARD-017|PHOENIX_SIX_STAGE_JOURNEY_STANDARD-018|PHOENIX_SIX_STAGE_JOURNEY_STANDARD-019|PHOENIX_SIX_STAGE_JOURNEY_STANDARD-020|PHOENIX_SIX_STAGE_JOURNEY_STANDARD-021|PHOENIX_SIX_STAGE_JOURNEY_STANDARD-022|PHOENIX_SIX_STAGE_JOURNEY_STANDARD-023|PHOENIX_SIX_STAGE_JOURNEY_STANDARD-024|PHOENIX_SIX_STAGE_JOURNEY_STANDARD-025|PHOENIX_SIX_STAGE_JOURNEY_STANDARD-026|PHOENIX_SIX_STAGE_JOURNEY_STANDARD-027|PHOENIX_SIX_STAGE_JOURNEY_STANDARD-028|PHOENIX_SIX_STAGE_JOURNEY_STANDARD-029|PHOENIX_SIX_STAGE_JOURNEY_STANDARD-030|PHOENIX_SIX_STAGE_JOURNEY_STANDARD-031|PHOENIX_SIX_STAGE_JOURNEY_STANDARD-032|PHOENIX_SIX_STAGE_JOURNEY_STANDARD-033|PHOENIX_SIX_STAGE_JOURNEY_STANDARD-034|PHOENIX_SIX_STAGE_JOURNEY_STANDARD-035|PHOENIX_SIX_STAGE_JOURNEY_STANDARD-036|PHOENIX_SIX_STAGE_JOURNEY_STANDARD-037|PHOENIX_SIX_STAGE_JOURNEY_STANDARD-038|PHOENIX_SIX_STAGE_JOURNEY_STANDARD-039|PHOENIX_SIX_STAGE_JOURNEY_STANDARD-040|PHOENIX_SIX_STAGE_JOURNEY_STANDARD-041|PHOENIX_SIX_STAGE_JOURNEY_STANDARD-042|PHOENIX_SIX_STAGE_JOURNEY_STANDARD-043|PHOENIX_SIX_STAGE_JOURNEY_STANDARD-044|PHOENIX_SIX_STAGE_JOURNEY_STANDARD-045|PHOENIX_SIX_STAGE_JOURNEY_STANDARD-046|PHOENIX_SIX_STAGE_JOURNEY_STANDARD-047|PHOENIX_SIX_STAGE_JOURNEY_STANDARD-048|PHOENIX_SIX_STAGE_JOURNEY_STANDARD-049|PHOENIX_SIX_STAGE_JOURNEY_STANDARD-050|PHOENIX_SIX_STAGE_JOURNEY_STANDARD-051|PHOENIX_SIX_STAGE_JOURNEY_STANDARD-052|PHOENIX_SIX_STAGE_JOURNEY_STANDARD-053|PHOENIX_SIX_STAGE_JOURNEY_STANDARD-054|PHOENIX_SIX_STAGE_JOURNEY_STANDARD-055|PHOENIX_SIX_STAGE_JOURNEY_STANDARD-056|PHOENIX_SIX_STAGE_JOURNEY_STANDARD-057|PHOENIX_SIX_STAGE_JOURNEY_STANDARD-058|PHOENIX_SIX_STAGE_JOURNEY_STANDARD-059|PHOENIX_SIX_STAGE_JOURNEY_STANDARD-060","Explicit human-review clauses","Explicit Founder-approval clauses","CI/runtime/evidence gates","","","Newer explicit supersession > specific canonical standard > stable baseline > product principles"
"docs/PHOENIX_NARRATIVE_AND_DISCOVERY_STANDARD.md","main@e3d1f30b951d6ab27d7660b9b729d4f8af9a8d49","CURRENT_EFFECTIVE","Phoenix product/Journey clauses as written","PHOENIX_NARRATIVE_AND_DISCOVERY_STANDARD-001|PHOENIX_NARRATIVE_AND_DISCOVERY_STANDARD-002|PHOENIX_NARRATIVE_AND_DISCOVERY_STANDARD-003|PHOENIX_NARRATIVE_AND_DISCOVERY_STANDARD-004|PHOENIX_NARRATIVE_AND_DISCOVERY_STANDARD-005|PHOENIX_NARRATIVE_AND_DISCOVERY_STANDARD-006|PHOENIX_NARRATIVE_AND_DISCOVERY_STANDARD-007|PHOENIX_NARRATIVE_AND_DISCOVERY_STANDARD-008|PHOENIX_NARRATIVE_AND_DISCOVERY_STANDARD-009|PHOENIX_NARRATIVE_AND_DISCOVERY_STANDARD-010|PHOENIX_NARRATIVE_AND_DISCOVERY_STANDARD-011|PHOENIX_NARRATIVE_AND_DISCOVERY_STANDARD-012|PHOENIX_NARRATIVE_AND_DISCOVERY_STANDARD-013|PHOENIX_NARRATIVE_AND_DISCOVERY_STANDARD-014|PHOENIX_NARRATIVE_AND_DISCOVERY_STANDARD-015|PHOENIX_NARRATIVE_AND_DISCOVERY_STANDARD-016|PHOENIX_NARRATIVE_AND_DISCOVERY_STANDARD-017|PHOENIX_NARRATIVE_AND_DISCOVERY_STANDARD-018|PHOENIX_NARRATIVE_AND_DISCOVERY_STANDARD-019|PHOENIX_NARRATIVE_AND_DISCOVERY_STANDARD-020|PHOENIX_NARRATIVE_AND_DISCOVERY_STANDARD-021|PHOENIX_NARRATIVE_AND_DISCOVERY_STANDARD-022|PHOENIX_NARRATIVE_AND_DISCOVERY_STANDARD-023|PHOENIX_NARRATIVE_AND_DISCOVERY_STANDARD-024|PHOENIX_NARRATIVE_AND_DISCOVERY_STANDARD-025|PHOENIX_NARRATIVE_AND_DISCOVERY_STANDARD-026|PHOENIX_NARRATIVE_AND_DISCOVERY_STANDARD-027|PHOENIX_NARRATIVE_AND_DISCOVERY_STANDARD-028|PHOENIX_NARRATIVE_AND_DISCOVERY_STANDARD-029|PHOENIX_NARRATIVE_AND_DISCOVERY_STANDARD-030|PHOENIX_NARRATIVE_AND_DISCOVERY_STANDARD-031|PHOENIX_NARRATIVE_AND_DISCOVERY_STANDARD-032|PHOENIX_NARRATIVE_AND_DISCOVERY_STANDARD-033|PHOENIX_NARRATIVE_AND_DISCOVERY_STANDARD-034|PHOENIX_NARRATIVE_AND_DISCOVERY_STANDARD-035|PHOENIX_NARRATIVE_AND_DISCOVERY_STANDARD-036|PHOENIX_NARRATIVE_AND_DISCOVERY_STANDARD-037|PHOENIX_NARRATIVE_AND_DISCOVERY_STANDARD-038|PHOENIX_NARRATIVE_AND_DISCOVERY_STANDARD-039|PHOENIX_NARRATIVE_AND_DISCOVERY_STANDARD-040|PHOENIX_NARRATIVE_AND_DISCOVERY_STANDARD-041|PHOENIX_NARRATIVE_AND_DISCOVERY_STANDARD-042|PHOENIX_NARRATIVE_AND_DISCOVERY_STANDARD-043|PHOENIX_NARRATIVE_AND_DISCOVERY_STANDARD-044|PHOENIX_NARRATIVE_AND_DISCOVERY_STANDARD-045|PHOENIX_NARRATIVE_AND_DISCOVERY_STANDARD-046|PHOENIX_NARRATIVE_AND_DISCOVERY_STANDARD-047|PHOENIX_NARRATIVE_AND_DISCOVERY_STANDARD-048|PHOENIX_NARRATIVE_AND_DISCOVERY_STANDARD-049|PHOENIX_NARRATIVE_AND_DISCOVERY_STANDARD-050|PHOENIX_NARRATIVE_AND_DISCOVERY_STANDARD-051|PHOENIX_NARRATIVE_AND_DISCOVERY_STANDARD-052|PHOENIX_NARRATIVE_AND_DISCOVERY_STANDARD-053|PHOENIX_NARRATIVE_AND_DISCOVERY_STANDARD-054|PHOENIX_NARRATIVE_AND_DISCOVERY_STANDARD-055|PHOENIX_NARRATIVE_AND_DISCOVERY_STANDARD-056|PHOENIX_NARRATIVE_AND_DISCOVERY_STANDARD-057|PHOENIX_NARRATIVE_AND_DISCOVERY_STANDARD-058|PHOENIX_NARRATIVE_AND_DISCOVERY_STANDARD-059|PHOENIX_NARRATIVE_AND_DISCOVERY_STANDARD-060|PHOENIX_NARRATIVE_AND_DISCOVERY_STANDARD-061|PHOENIX_NARRATIVE_AND_DISCOVERY_STANDARD-062|PHOENIX_NARRATIVE_AND_DISCOVERY_STANDARD-063|PHOENIX_NARRATIVE_AND_DISCOVERY_STANDARD-064|PHOENIX_NARRATIVE_AND_DISCOVERY_STANDARD-065|PHOENIX_NARRATIVE_AND_DISCOVERY_STANDARD-066|PHOENIX_NARRATIVE_AND_DISCOVERY_STANDARD-067|PHOENIX_NARRATIVE_AND_DISCOVERY_STANDARD-068|PHOENIX_NARRATIVE_AND_DISCOVERY_STANDARD-069|PHOENIX_NARRATIVE_AND_DISCOVERY_STANDARD-070|PHOENIX_NARRATIVE_AND_DISCOVERY_STANDARD-071|PHOENIX_NARRATIVE_AND_DISCOVERY_STANDARD-072|PHOENIX_NARRATIVE_AND_DISCOVERY_STANDARD-073|PHOENIX_NARRATIVE_AND_DISCOVERY_STANDARD-074|PHOENIX_NARRATIVE_AND_DISCOVERY_STANDARD-075|PHOENIX_NARRATIVE_AND_DISCOVERY_STANDARD-076|PHOENIX_NARRATIVE_AND_DISCOVERY_STANDARD-077|PHOENIX_NARRATIVE_AND_DISCOVERY_STANDARD-078|PHOENIX_NARRATIVE_AND_DISCOVERY_STANDARD-079|PHOENIX_NARRATIVE_AND_DISCOVERY_STANDARD-080|PHOENIX_NARRATIVE_AND_DISCOVERY_STANDARD-081|PHOENIX_NARRATIVE_AND_DISCOVERY_STANDARD-082|PHOENIX_NARRATIVE_AND_DISCOVERY_STANDARD-083|PHOENIX_NARRATIVE_AND_DISCOVERY_STANDARD-084|PHOENIX_NARRATIVE_AND_DISCOVERY_STANDARD-085|PHOENIX_NARRATIVE_AND_DISCOVERY_STANDARD-086|PHOENIX_NARRATIVE_AND_DISCOVERY_STANDARD-087|PHOENIX_NARRATIVE_AND_DISCOVERY_STANDARD-088|PHOENIX_NARRATIVE_AND_DISCOVERY_STANDARD-089|PHOENIX_NARRATIVE_AND_DISCOVERY_STANDARD-090|PHOENIX_NARRATIVE_AND_DISCOVERY_STANDARD-091|PHOENIX_NARRATIVE_AND_DISCOVERY_STANDARD-092|PHOENIX_NARRATIVE_AND_DISCOVERY_STANDARD-093|PHOENIX_NARRATIVE_AND_DISCOVERY_STANDARD-094|PHOENIX_NARRATIVE_AND_DISCOVERY_STANDARD-095|PHOENIX_NARRATIVE_AND_DISCOVERY_STANDARD-096|PHOENIX_NARRATIVE_AND_DISCOVERY_STANDARD-097|PHOENIX_NARRATIVE_AND_DISCOVERY_STANDARD-098|PHOENIX_NARRATIVE_AND_DISCOVERY_STANDARD-099|PHOENIX_NARRATIVE_AND_DISCOVERY_STANDARD-100|PHOENIX_NARRATIVE_AND_DISCOVERY_STANDARD-101|PHOENIX_NARRATIVE_AND_DISCOVERY_STANDARD-102|PHOENIX_NARRATIVE_AND_DISCOVERY_STANDARD-103|PHOENIX_NARRATIVE_AND_DISCOVERY_STANDARD-104|PHOENIX_NARRATIVE_AND_DISCOVERY_STANDARD-105|PHOENIX_NARRATIVE_AND_DISCOVERY_STANDARD-106|PHOENIX_NARRATIVE_AND_DISCOVERY_STANDARD-107|PHOENIX_NARRATIVE_AND_DISCOVERY_STANDARD-108|PHOENIX_NARRATIVE_AND_DISCOVERY_STANDARD-109|PHOENIX_NARRATIVE_AND_DISCOVERY_STANDARD-110|PHOENIX_NARRATIVE_AND_DISCOVERY_STANDARD-111|PHOENIX_NARRATIVE_AND_DISCOVERY_STANDARD-112|PHOENIX_NARRATIVE_AND_DISCOVERY_STANDARD-113|PHOENIX_NARRATIVE_AND_DISCOVERY_STANDARD-114|PHOENIX_NARRATIVE_AND_DISCOVERY_STANDARD-115|PHOENIX_NARRATIVE_AND_DISCOVERY_STANDARD-116|PHOENIX_NARRATIVE_AND_DISCOVERY_STANDARD-117|PHOENIX_NARRATIVE_AND_DISCOVERY_STANDARD-118|PHOENIX_NARRATIVE_AND_DISCOVERY_STANDARD-119|PHOENIX_NARRATIVE_AND_DISCOVERY_STANDARD-120|PHOENIX_NARRATIVE_AND_DISCOVERY_STANDARD-121|PHOENIX_NARRATIVE_AND_DISCOVERY_STANDARD-122|PHOENIX_NARRATIVE_AND_DISCOVERY_STANDARD-123|PHOENIX_NARRATIVE_AND_DISCOVERY_STANDARD-124|PHOENIX_NARRATIVE_AND_DISCOVERY_STANDARD-125|PHOENIX_NARRATIVE_AND_DISCOVERY_STANDARD-126|PHOENIX_NARRATIVE_AND_DISCOVERY_STANDARD-127|PHOENIX_NARRATIVE_AND_DISCOVERY_STANDARD-128|PHOENIX_NARRATIVE_AND_DISCOVERY_STANDARD-129|PHOENIX_NARRATIVE_AND_DISCOVERY_STANDARD-130|PHOENIX_NARRATIVE_AND_DISCOVERY_STANDARD-131|PHOENIX_NARRATIVE_AND_DISCOVERY_STANDARD-132|PHOENIX_NARRATIVE_AND_DISCOVERY_STANDARD-133|PHOENIX_NARRATIVE_AND_DISCOVERY_STANDARD-134|PHOENIX_NARRATIVE_AND_DISCOVERY_STANDARD-135|PHOENIX_NARRATIVE_AND_DISCOVERY_STANDARD-136|PHOENIX_NARRATIVE_AND_DISCOVERY_STANDARD-137|PHOENIX_NARRATIVE_AND_DISCOVERY_STANDARD-138|PHOENIX_NARRATIVE_AND_DISCOVERY_STANDARD-139|PHOENIX_NARRATIVE_AND_DISCOVERY_STANDARD-140|PHOENIX_NARRATIVE_AND_DISCOVERY_STANDARD-141|PHOENIX_NARRATIVE_AND_DISCOVERY_STANDARD-142|PHOENIX_NARRATIVE_AND_DISCOVERY_STANDARD-143|PHOENIX_NARRATIVE_AND_DISCOVERY_STANDARD-144|PHOENIX_NARRATIVE_AND_DISCOVERY_STANDARD-145|PHOENIX_NARRATIVE_AND_DISCOVERY_STANDARD-146|PHOENIX_NARRATIVE_AND_DISCOVERY_STANDARD-147|PHOENIX_NARRATIVE_AND_DISCOVERY_STANDARD-148|PHOENIX_NARRATIVE_AND_DISCOVERY_STANDARD-149|PHOENIX_NARRATIVE_AND_DISCOVERY_STANDARD-150|PHOENIX_NARRATIVE_AND_DISCOVERY_STANDARD-151|PHOENIX_NARRATIVE_AND_DISCOVERY_STANDARD-152|PHOENIX_NARRATIVE_AND_DISCOVERY_STANDARD-153|PHOENIX_NARRATIVE_AND_DISCOVERY_STANDARD-154|PHOENIX_NARRATIVE_AND_DISCOVERY_STANDARD-155|PHOENIX_NARRATIVE_AND_DISCOVERY_STANDARD-156|PHOENIX_NARRATIVE_AND_DISCOVERY_STANDARD-157|PHOENIX_NARRATIVE_AND_DISCOVERY_STANDARD-158|PHOENIX_NARRATIVE_AND_DISCOVERY_STANDARD-159|PHOENIX_NARRATIVE_AND_DISCOVERY_STANDARD-160|PHOENIX_NARRATIVE_AND_DISCOVERY_STANDARD-161|PHOENIX_NARRATIVE_AND_DISCOVERY_STANDARD-162|PHOENIX_NARRATIVE_AND_DISCOVERY_STANDARD-163|PHOENIX_NARRATIVE_AND_DISCOVERY_STANDARD-164|PHOENIX_NARRATIVE_AND_DISCOVERY_STANDARD-165|PHOENIX_NARRATIVE_AND_DISCOVERY_STANDARD-166|PHOENIX_NARRATIVE_AND_DISCOVERY_STANDARD-167|PHOENIX_NARRATIVE_AND_DISCOVERY_STANDARD-168|PHOENIX_NARRATIVE_AND_DISCOVERY_STANDARD-169","Explicit human-review clauses","Explicit Founder-approval clauses","CI/runtime/evidence gates","","","Newer explicit supersession > specific canonical standard > stable baseline > product principles"
"docs/PHOENIX_NARRATIVE_AND_DISCOVERY_STANDARD_APPENDIX_STORY_DEPTH_HISTORY.md","main@e3d1f30b951d6ab27d7660b9b729d4f8af9a8d49","CURRENT_EFFECTIVE","Phoenix product/Journey clauses as written","PHOENIX_NARRATIVE_AND_DISCOVERY_STANDARD_APPENDIX_STORY_DEPTH_HISTORY-001|PHOENIX_NARRATIVE_AND_DISCOVERY_STANDARD_APPENDIX_STORY_DEPTH_HISTORY-002|PHOENIX_NARRATIVE_AND_DISCOVERY_STANDARD_APPENDIX_STORY_DEPTH_HISTORY-003|PHOENIX_NARRATIVE_AND_DISCOVERY_STANDARD_APPENDIX_STORY_DEPTH_HISTORY-004|PHOENIX_NARRATIVE_AND_DISCOVERY_STANDARD_APPENDIX_STORY_DEPTH_HISTORY-005|PHOENIX_NARRATIVE_AND_DISCOVERY_STANDARD_APPENDIX_STORY_DEPTH_HISTORY-006|PHOENIX_NARRATIVE_AND_DISCOVERY_STANDARD_APPENDIX_STORY_DEPTH_HISTORY-007|PHOENIX_NARRATIVE_AND_DISCOVERY_STANDARD_APPENDIX_STORY_DEPTH_HISTORY-008|PHOENIX_NARRATIVE_AND_DISCOVERY_STANDARD_APPENDIX_STORY_DEPTH_HISTORY-009|PHOENIX_NARRATIVE_AND_DISCOVERY_STANDARD_APPENDIX_STORY_DEPTH_HISTORY-010|PHOENIX_NARRATIVE_AND_DISCOVERY_STANDARD_APPENDIX_STORY_DEPTH_HISTORY-011|PHOENIX_NARRATIVE_AND_DISCOVERY_STANDARD_APPENDIX_STORY_DEPTH_HISTORY-012|PHOENIX_NARRATIVE_AND_DISCOVERY_STANDARD_APPENDIX_STORY_DEPTH_HISTORY-013|PHOENIX_NARRATIVE_AND_DISCOVERY_STANDARD_APPENDIX_STORY_DEPTH_HISTORY-014|PHOENIX_NARRATIVE_AND_DISCOVERY_STANDARD_APPENDIX_STORY_DEPTH_HISTORY-015|PHOENIX_NARRATIVE_AND_DISCOVERY_STANDARD_APPENDIX_STORY_DEPTH_HISTORY-016|PHOENIX_NARRATIVE_AND_DISCOVERY_STANDARD_APPENDIX_STORY_DEPTH_HISTORY-017|PHOENIX_NARRATIVE_AND_DISCOVERY_STANDARD_APPENDIX_STORY_DEPTH_HISTORY-018|PHOENIX_NARRATIVE_AND_DISCOVERY_STANDARD_APPENDIX_STORY_DEPTH_HISTORY-019|PHOENIX_NARRATIVE_AND_DISCOVERY_STANDARD_APPENDIX_STORY_DEPTH_HISTORY-020|PHOENIX_NARRATIVE_AND_DISCOVERY_STANDARD_APPENDIX_STORY_DEPTH_HISTORY-021|PHOENIX_NARRATIVE_AND_DISCOVERY_STANDARD_APPENDIX_STORY_DEPTH_HISTORY-022|PHOENIX_NARRATIVE_AND_DISCOVERY_STANDARD_APPENDIX_STORY_DEPTH_HISTORY-023|PHOENIX_NARRATIVE_AND_DISCOVERY_STANDARD_APPENDIX_STORY_DEPTH_HISTORY-024|PHOENIX_NARRATIVE_AND_DISCOVERY_STANDARD_APPENDIX_STORY_DEPTH_HISTORY-025|PHOENIX_NARRATIVE_AND_DISCOVERY_STANDARD_APPENDIX_STORY_DEPTH_HISTORY-026|PHOENIX_NARRATIVE_AND_DISCOVERY_STANDARD_APPENDIX_STORY_DEPTH_HISTORY-027|PHOENIX_NARRATIVE_AND_DISCOVERY_STANDARD_APPENDIX_STORY_DEPTH_HISTORY-028|PHOENIX_NARRATIVE_AND_DISCOVERY_STANDARD_APPENDIX_STORY_DEPTH_HISTORY-029|PHOENIX_NARRATIVE_AND_DISCOVERY_STANDARD_APPENDIX_STORY_DEPTH_HISTORY-030|PHOENIX_NARRATIVE_AND_DISCOVERY_STANDARD_APPENDIX_STORY_DEPTH_HISTORY-031|PHOENIX_NARRATIVE_AND_DISCOVERY_STANDARD_APPENDIX_STORY_DEPTH_HISTORY-032|PHOENIX_NARRATIVE_AND_DISCOVERY_STANDARD_APPENDIX_STORY_DEPTH_HISTORY-033|PHOENIX_NARRATIVE_AND_DISCOVERY_STANDARD_APPENDIX_STORY_DEPTH_HISTORY-034|PHOENIX_NARRATIVE_AND_DISCOVERY_STANDARD_APPENDIX_STORY_DEPTH_HISTORY-035|PHOENIX_NARRATIVE_AND_DISCOVERY_STANDARD_APPENDIX_STORY_DEPTH_HISTORY-036|PHOENIX_NARRATIVE_AND_DISCOVERY_STANDARD_APPENDIX_STORY_DEPTH_HISTORY-037|PHOENIX_NARRATIVE_AND_DISCOVERY_STANDARD_APPENDIX_STORY_DEPTH_HISTORY-038|PHOENIX_NARRATIVE_AND_DISCOVERY_STANDARD_APPENDIX_STORY_DEPTH_HISTORY-039|PHOENIX_NARRATIVE_AND_DISCOVERY_STANDARD_APPENDIX_STORY_DEPTH_HISTORY-040|PHOENIX_NARRATIVE_AND_DISCOVERY_STANDARD_APPENDIX_STORY_DEPTH_HISTORY-041|PHOENIX_NARRATIVE_AND_DISCOVERY_STANDARD_APPENDIX_STORY_DEPTH_HISTORY-042|PHOENIX_NARRATIVE_AND_DISCOVERY_STANDARD_APPENDIX_STORY_DEPTH_HISTORY-043|PHOENIX_NARRATIVE_AND_DISCOVERY_STANDARD_APPENDIX_STORY_DEPTH_HISTORY-044|PHOENIX_NARRATIVE_AND_DISCOVERY_STANDARD_APPENDIX_STORY_DEPTH_HISTORY-045|PHOENIX_NARRATIVE_AND_DISCOVERY_STANDARD_APPENDIX_STORY_DEPTH_HISTORY-046|PHOENIX_NARRATIVE_AND_DISCOVERY_STANDARD_APPENDIX_STORY_DEPTH_HISTORY-047|PHOENIX_NARRATIVE_AND_DISCOVERY_STANDARD_APPENDIX_STORY_DEPTH_HISTORY-048|PHOENIX_NARRATIVE_AND_DISCOVERY_STANDARD_APPENDIX_STORY_DEPTH_HISTORY-049|PHOENIX_NARRATIVE_AND_DISCOVERY_STANDARD_APPENDIX_STORY_DEPTH_HISTORY-050|PHOENIX_NARRATIVE_AND_DISCOVERY_STANDARD_APPENDIX_STORY_DEPTH_HISTORY-051|PHOENIX_NARRATIVE_AND_DISCOVERY_STANDARD_APPENDIX_STORY_DEPTH_HISTORY-052|PHOENIX_NARRATIVE_AND_DISCOVERY_STANDARD_APPENDIX_STORY_DEPTH_HISTORY-053|PHOENIX_NARRATIVE_AND_DISCOVERY_STANDARD_APPENDIX_STORY_DEPTH_HISTORY-054","Explicit human-review clauses","Explicit Founder-approval clauses","CI/runtime/evidence gates","","","Newer explicit supersession > specific canonical standard > stable baseline > product principles"
"docs/PHOENIX_GOLD_SEMANTIC_AUDIT.md","main@e3d1f30b951d6ab27d7660b9b729d4f8af9a8d49","CURRENT_EFFECTIVE","Phoenix product/Journey clauses as written","PHOENIX_GOLD_SEMANTIC_AUDIT-001|PHOENIX_GOLD_SEMANTIC_AUDIT-002","Explicit human-review clauses","Explicit Founder-approval clauses","CI/runtime/evidence gates","","","Newer explicit supersession > specific canonical standard > stable baseline > product principles"
"docs/PHOENIX_NEW_JOURNEY_CREATION_STANDARD.md","main@e3d1f30b951d6ab27d7660b9b729d4f8af9a8d49","CURRENT_EFFECTIVE","Phoenix product/Journey clauses as written","PHOENIX_NEW_JOURNEY_CREATION_STANDARD-001|PHOENIX_NEW_JOURNEY_CREATION_STANDARD-002|PHOENIX_NEW_JOURNEY_CREATION_STANDARD-003|PHOENIX_NEW_JOURNEY_CREATION_STANDARD-004|PHOENIX_NEW_JOURNEY_CREATION_STANDARD-005|PHOENIX_NEW_JOURNEY_CREATION_STANDARD-006|PHOENIX_NEW_JOURNEY_CREATION_STANDARD-007|PHOENIX_NEW_JOURNEY_CREATION_STANDARD-008|PHOENIX_NEW_JOURNEY_CREATION_STANDARD-009|PHOENIX_NEW_JOURNEY_CREATION_STANDARD-010|PHOENIX_NEW_JOURNEY_CREATION_STANDARD-011|PHOENIX_NEW_JOURNEY_CREATION_STANDARD-012|PHOENIX_NEW_JOURNEY_CREATION_STANDARD-013|PHOENIX_NEW_JOURNEY_CREATION_STANDARD-014|PHOENIX_NEW_JOURNEY_CREATION_STANDARD-015|PHOENIX_NEW_JOURNEY_CREATION_STANDARD-016|PHOENIX_NEW_JOURNEY_CREATION_STANDARD-017|PHOENIX_NEW_JOURNEY_CREATION_STANDARD-018|PHOENIX_NEW_JOURNEY_CREATION_STANDARD-019|PHOENIX_NEW_JOURNEY_CREATION_STANDARD-020|PHOENIX_NEW_JOURNEY_CREATION_STANDARD-021|PHOENIX_NEW_JOURNEY_CREATION_STANDARD-022|PHOENIX_NEW_JOURNEY_CREATION_STANDARD-023|PHOENIX_NEW_JOURNEY_CREATION_STANDARD-024|PHOENIX_NEW_JOURNEY_CREATION_STANDARD-025|PHOENIX_NEW_JOURNEY_CREATION_STANDARD-026|PHOENIX_NEW_JOURNEY_CREATION_STANDARD-027|PHOENIX_NEW_JOURNEY_CREATION_STANDARD-028|PHOENIX_NEW_JOURNEY_CREATION_STANDARD-029|PHOENIX_NEW_JOURNEY_CREATION_STANDARD-030|PHOENIX_NEW_JOURNEY_CREATION_STANDARD-031|PHOENIX_NEW_JOURNEY_CREATION_STANDARD-032|PHOENIX_NEW_JOURNEY_CREATION_STANDARD-033|PHOENIX_NEW_JOURNEY_CREATION_STANDARD-034|PHOENIX_NEW_JOURNEY_CREATION_STANDARD-035|PHOENIX_NEW_JOURNEY_CREATION_STANDARD-036|PHOENIX_NEW_JOURNEY_CREATION_STANDARD-037|PHOENIX_NEW_JOURNEY_CREATION_STANDARD-038|PHOENIX_NEW_JOURNEY_CREATION_STANDARD-039|PHOENIX_NEW_JOURNEY_CREATION_STANDARD-040|PHOENIX_NEW_JOURNEY_CREATION_STANDARD-041|PHOENIX_NEW_JOURNEY_CREATION_STANDARD-042|PHOENIX_NEW_JOURNEY_CREATION_STANDARD-043|PHOENIX_NEW_JOURNEY_CREATION_STANDARD-044|PHOENIX_NEW_JOURNEY_CREATION_STANDARD-045|PHOENIX_NEW_JOURNEY_CREATION_STANDARD-046|PHOENIX_NEW_JOURNEY_CREATION_STANDARD-047|PHOENIX_NEW_JOURNEY_CREATION_STANDARD-048|PHOENIX_NEW_JOURNEY_CREATION_STANDARD-049|PHOENIX_NEW_JOURNEY_CREATION_STANDARD-050|PHOENIX_NEW_JOURNEY_CREATION_STANDARD-051|PHOENIX_NEW_JOURNEY_CREATION_STANDARD-052|PHOENIX_NEW_JOURNEY_CREATION_STANDARD-053|PHOENIX_NEW_JOURNEY_CREATION_STANDARD-054|PHOENIX_NEW_JOURNEY_CREATION_STANDARD-055|PHOENIX_NEW_JOURNEY_CREATION_STANDARD-056|PHOENIX_NEW_JOURNEY_CREATION_STANDARD-057|PHOENIX_NEW_JOURNEY_CREATION_STANDARD-058|PHOENIX_NEW_JOURNEY_CREATION_STANDARD-059|PHOENIX_NEW_JOURNEY_CREATION_STANDARD-060|PHOENIX_NEW_JOURNEY_CREATION_STANDARD-061|PHOENIX_NEW_JOURNEY_CREATION_STANDARD-062|PHOENIX_NEW_JOURNEY_CREATION_STANDARD-063|PHOENIX_NEW_JOURNEY_CREATION_STANDARD-064|PHOENIX_NEW_JOURNEY_CREATION_STANDARD-065|PHOENIX_NEW_JOURNEY_CREATION_STANDARD-066|PHOENIX_NEW_JOURNEY_CREATION_STANDARD-067|PHOENIX_NEW_JOURNEY_CREATION_STANDARD-068|PHOENIX_NEW_JOURNEY_CREATION_STANDARD-069|PHOENIX_NEW_JOURNEY_CREATION_STANDARD-070|PHOENIX_NEW_JOURNEY_CREATION_STANDARD-071|PHOENIX_NEW_JOURNEY_CREATION_STANDARD-072|PHOENIX_NEW_JOURNEY_CREATION_STANDARD-073|PHOENIX_NEW_JOURNEY_CREATION_STANDARD-074|PHOENIX_NEW_JOURNEY_CREATION_STANDARD-075|PHOENIX_NEW_JOURNEY_CREATION_STANDARD-076|PHOENIX_NEW_JOURNEY_CREATION_STANDARD-077|PHOENIX_NEW_JOURNEY_CREATION_STANDARD-078|PHOENIX_NEW_JOURNEY_CREATION_STANDARD-079|PHOENIX_NEW_JOURNEY_CREATION_STANDARD-080|PHOENIX_NEW_JOURNEY_CREATION_STANDARD-081|PHOENIX_NEW_JOURNEY_CREATION_STANDARD-082","Explicit human-review clauses","Explicit Founder-approval clauses","CI/runtime/evidence gates","","","Newer explicit supersession > specific canonical standard > stable baseline > product principles"
"docs/PHOENIX_LOCATION_HIERARCHY_STANDARD.md","main@e3d1f30b951d6ab27d7660b9b729d4f8af9a8d49","CURRENT_EFFECTIVE","Phoenix product/Journey clauses as written","PHOENIX_LOCATION_HIERARCHY_STANDARD-001|PHOENIX_LOCATION_HIERARCHY_STANDARD-002|PHOENIX_LOCATION_HIERARCHY_STANDARD-003|PHOENIX_LOCATION_HIERARCHY_STANDARD-004|PHOENIX_LOCATION_HIERARCHY_STANDARD-005|PHOENIX_LOCATION_HIERARCHY_STANDARD-006|PHOENIX_LOCATION_HIERARCHY_STANDARD-007|PHOENIX_LOCATION_HIERARCHY_STANDARD-008|PHOENIX_LOCATION_HIERARCHY_STANDARD-009|PHOENIX_LOCATION_HIERARCHY_STANDARD-010|PHOENIX_LOCATION_HIERARCHY_STANDARD-011|PHOENIX_LOCATION_HIERARCHY_STANDARD-012|PHOENIX_LOCATION_HIERARCHY_STANDARD-013|PHOENIX_LOCATION_HIERARCHY_STANDARD-014|PHOENIX_LOCATION_HIERARCHY_STANDARD-015","Explicit human-review clauses","Explicit Founder-approval clauses","CI/runtime/evidence gates","","","Newer explicit supersession > specific canonical standard > stable baseline > product principles"
"docs/PHOENIX_UI_VISUAL_STANDARD.md","main@e3d1f30b951d6ab27d7660b9b729d4f8af9a8d49","CURRENT_EFFECTIVE","Phoenix product/Journey clauses as written","PHOENIX_UI_VISUAL_STANDARD-001|PHOENIX_UI_VISUAL_STANDARD-002|PHOENIX_UI_VISUAL_STANDARD-003|PHOENIX_UI_VISUAL_STANDARD-004|PHOENIX_UI_VISUAL_STANDARD-005|PHOENIX_UI_VISUAL_STANDARD-006|PHOENIX_UI_VISUAL_STANDARD-007|PHOENIX_UI_VISUAL_STANDARD-008|PHOENIX_UI_VISUAL_STANDARD-009|PHOENIX_UI_VISUAL_STANDARD-010|PHOENIX_UI_VISUAL_STANDARD-011|PHOENIX_UI_VISUAL_STANDARD-012|PHOENIX_UI_VISUAL_STANDARD-013|PHOENIX_UI_VISUAL_STANDARD-014|PHOENIX_UI_VISUAL_STANDARD-015|PHOENIX_UI_VISUAL_STANDARD-016|PHOENIX_UI_VISUAL_STANDARD-017|PHOENIX_UI_VISUAL_STANDARD-018|PHOENIX_UI_VISUAL_STANDARD-019|PHOENIX_UI_VISUAL_STANDARD-020|PHOENIX_UI_VISUAL_STANDARD-021|PHOENIX_UI_VISUAL_STANDARD-022|PHOENIX_UI_VISUAL_STANDARD-023|PHOENIX_UI_VISUAL_STANDARD-024|PHOENIX_UI_VISUAL_STANDARD-025|PHOENIX_UI_VISUAL_STANDARD-026|PHOENIX_UI_VISUAL_STANDARD-027|PHOENIX_UI_VISUAL_STANDARD-028|PHOENIX_UI_VISUAL_STANDARD-029|PHOENIX_UI_VISUAL_STANDARD-030|PHOENIX_UI_VISUAL_STANDARD-031|PHOENIX_UI_VISUAL_STANDARD-032|PHOENIX_UI_VISUAL_STANDARD-033|PHOENIX_UI_VISUAL_STANDARD-034|PHOENIX_UI_VISUAL_STANDARD-035|PHOENIX_UI_VISUAL_STANDARD-036|PHOENIX_UI_VISUAL_STANDARD-037|PHOENIX_UI_VISUAL_STANDARD-038|PHOENIX_UI_VISUAL_STANDARD-039|PHOENIX_UI_VISUAL_STANDARD-040|PHOENIX_UI_VISUAL_STANDARD-041|PHOENIX_UI_VISUAL_STANDARD-042|PHOENIX_UI_VISUAL_STANDARD-043|PHOENIX_UI_VISUAL_STANDARD-044|PHOENIX_UI_VISUAL_STANDARD-045","Explicit human-review clauses","Explicit Founder-approval clauses","CI/runtime/evidence gates","","","Newer explicit supersession > specific canonical standard > stable baseline > product principles"
"docs/PHOENIX_AI_BACKGROUND_PRODUCTION_STANDARD.md","main@e3d1f30b951d6ab27d7660b9b729d4f8af9a8d49","CURRENT_EFFECTIVE","Phoenix product/Journey clauses as written","PHOENIX_AI_BACKGROUND_PRODUCTION_STANDARD-001|PHOENIX_AI_BACKGROUND_PRODUCTION_STANDARD-002|PHOENIX_AI_BACKGROUND_PRODUCTION_STANDARD-003|PHOENIX_AI_BACKGROUND_PRODUCTION_STANDARD-004|PHOENIX_AI_BACKGROUND_PRODUCTION_STANDARD-005|PHOENIX_AI_BACKGROUND_PRODUCTION_STANDARD-006|PHOENIX_AI_BACKGROUND_PRODUCTION_STANDARD-007|PHOENIX_AI_BACKGROUND_PRODUCTION_STANDARD-008|PHOENIX_AI_BACKGROUND_PRODUCTION_STANDARD-009|PHOENIX_AI_BACKGROUND_PRODUCTION_STANDARD-010|PHOENIX_AI_BACKGROUND_PRODUCTION_STANDARD-011|PHOENIX_AI_BACKGROUND_PRODUCTION_STANDARD-012|PHOENIX_AI_BACKGROUND_PRODUCTION_STANDARD-013|PHOENIX_AI_BACKGROUND_PRODUCTION_STANDARD-014|PHOENIX_AI_BACKGROUND_PRODUCTION_STANDARD-015|PHOENIX_AI_BACKGROUND_PRODUCTION_STANDARD-016|PHOENIX_AI_BACKGROUND_PRODUCTION_STANDARD-017|PHOENIX_AI_BACKGROUND_PRODUCTION_STANDARD-018|PHOENIX_AI_BACKGROUND_PRODUCTION_STANDARD-019|PHOENIX_AI_BACKGROUND_PRODUCTION_STANDARD-020|PHOENIX_AI_BACKGROUND_PRODUCTION_STANDARD-021|PHOENIX_AI_BACKGROUND_PRODUCTION_STANDARD-022|PHOENIX_AI_BACKGROUND_PRODUCTION_STANDARD-023|PHOENIX_AI_BACKGROUND_PRODUCTION_STANDARD-024|PHOENIX_AI_BACKGROUND_PRODUCTION_STANDARD-025|PHOENIX_AI_BACKGROUND_PRODUCTION_STANDARD-026|PHOENIX_AI_BACKGROUND_PRODUCTION_STANDARD-027|PHOENIX_AI_BACKGROUND_PRODUCTION_STANDARD-028|PHOENIX_AI_BACKGROUND_PRODUCTION_STANDARD-029|PHOENIX_AI_BACKGROUND_PRODUCTION_STANDARD-030|PHOENIX_AI_BACKGROUND_PRODUCTION_STANDARD-031|PHOENIX_AI_BACKGROUND_PRODUCTION_STANDARD-032|PHOENIX_AI_BACKGROUND_PRODUCTION_STANDARD-033|PHOENIX_AI_BACKGROUND_PRODUCTION_STANDARD-034|PHOENIX_AI_BACKGROUND_PRODUCTION_STANDARD-035|PHOENIX_AI_BACKGROUND_PRODUCTION_STANDARD-036|PHOENIX_AI_BACKGROUND_PRODUCTION_STANDARD-037|PHOENIX_AI_BACKGROUND_PRODUCTION_STANDARD-038|PHOENIX_AI_BACKGROUND_PRODUCTION_STANDARD-039|PHOENIX_AI_BACKGROUND_PRODUCTION_STANDARD-040|PHOENIX_AI_BACKGROUND_PRODUCTION_STANDARD-041|PHOENIX_AI_BACKGROUND_PRODUCTION_STANDARD-042|PHOENIX_AI_BACKGROUND_PRODUCTION_STANDARD-043|PHOENIX_AI_BACKGROUND_PRODUCTION_STANDARD-044|PHOENIX_AI_BACKGROUND_PRODUCTION_STANDARD-045|PHOENIX_AI_BACKGROUND_PRODUCTION_STANDARD-046|PHOENIX_AI_BACKGROUND_PRODUCTION_STANDARD-047|PHOENIX_AI_BACKGROUND_PRODUCTION_STANDARD-048|PHOENIX_AI_BACKGROUND_PRODUCTION_STANDARD-049|PHOENIX_AI_BACKGROUND_PRODUCTION_STANDARD-050|PHOENIX_AI_BACKGROUND_PRODUCTION_STANDARD-051|PHOENIX_AI_BACKGROUND_PRODUCTION_STANDARD-052|PHOENIX_AI_BACKGROUND_PRODUCTION_STANDARD-053|PHOENIX_AI_BACKGROUND_PRODUCTION_STANDARD-054|PHOENIX_AI_BACKGROUND_PRODUCTION_STANDARD-055|PHOENIX_AI_BACKGROUND_PRODUCTION_STANDARD-056|PHOENIX_AI_BACKGROUND_PRODUCTION_STANDARD-057|PHOENIX_AI_BACKGROUND_PRODUCTION_STANDARD-058|PHOENIX_AI_BACKGROUND_PRODUCTION_STANDARD-059|PHOENIX_AI_BACKGROUND_PRODUCTION_STANDARD-060|PHOENIX_AI_BACKGROUND_PRODUCTION_STANDARD-061|PHOENIX_AI_BACKGROUND_PRODUCTION_STANDARD-062|PHOENIX_AI_BACKGROUND_PRODUCTION_STANDARD-063|PHOENIX_AI_BACKGROUND_PRODUCTION_STANDARD-064|PHOENIX_AI_BACKGROUND_PRODUCTION_STANDARD-065|PHOENIX_AI_BACKGROUND_PRODUCTION_STANDARD-066|PHOENIX_AI_BACKGROUND_PRODUCTION_STANDARD-067|PHOENIX_AI_BACKGROUND_PRODUCTION_STANDARD-068|PHOENIX_AI_BACKGROUND_PRODUCTION_STANDARD-069|PHOENIX_AI_BACKGROUND_PRODUCTION_STANDARD-070|PHOENIX_AI_BACKGROUND_PRODUCTION_STANDARD-071|PHOENIX_AI_BACKGROUND_PRODUCTION_STANDARD-072|PHOENIX_AI_BACKGROUND_PRODUCTION_STANDARD-073","Explicit human-review clauses","Explicit Founder-approval clauses","CI/runtime/evidence gates","","","Newer explicit supersession > specific canonical standard > stable baseline > product principles"
"docs/journey-content-quality-gate.md","main@e3d1f30b951d6ab27d7660b9b729d4f8af9a8d49","CURRENT_EFFECTIVE","Phoenix product/Journey clauses as written","journey-content-quality-gate-001|journey-content-quality-gate-002|journey-content-quality-gate-003|journey-content-quality-gate-004|journey-content-quality-gate-005|journey-content-quality-gate-006|journey-content-quality-gate-007|journey-content-quality-gate-008|journey-content-quality-gate-009|journey-content-quality-gate-010|journey-content-quality-gate-011|journey-content-quality-gate-012|journey-content-quality-gate-013|journey-content-quality-gate-014|journey-content-quality-gate-015|journey-content-quality-gate-016|journey-content-quality-gate-017|journey-content-quality-gate-018|journey-content-quality-gate-019|journey-content-quality-gate-020|journey-content-quality-gate-021|journey-content-quality-gate-022|journey-content-quality-gate-023|journey-content-quality-gate-024|journey-content-quality-gate-025|journey-content-quality-gate-026|journey-content-quality-gate-027|journey-content-quality-gate-028|journey-content-quality-gate-029|journey-content-quality-gate-030|journey-content-quality-gate-031|journey-content-quality-gate-032","Explicit human-review clauses","Explicit Founder-approval clauses","CI/runtime/evidence gates","","","Newer explicit supersession > specific canonical standard > stable baseline > product principles"
"docs/destination-background-policy.md","main@e3d1f30b951d6ab27d7660b9b729d4f8af9a8d49","CURRENT_EFFECTIVE","Phoenix product/Journey clauses as written","destination-background-policy-001","Explicit human-review clauses","Explicit Founder-approval clauses","CI/runtime/evidence gates","","","Newer explicit supersession > specific canonical standard > stable baseline > product principles"
"docs/adaptive-level-content-v2.md","main@e3d1f30b951d6ab27d7660b9b729d4f8af9a8d49","CURRENT_EFFECTIVE","Phoenix product/Journey clauses as written","","Explicit human-review clauses","Explicit Founder-approval clauses","CI/runtime/evidence gates","","","Newer explicit supersession > specific canonical standard > stable baseline > product principles"
"docs/natural-narration-v1.md","main@e3d1f30b951d6ab27d7660b9b729d4f8af9a8d49","CURRENT_EFFECTIVE","Phoenix product/Journey clauses as written","","Explicit human-review clauses","Explicit Founder-approval clauses","CI/runtime/evidence gates","","","Newer explicit supersession > specific canonical standard > stable baseline > product principles"
"docs/narration-voice-picker.md","main@e3d1f30b951d6ab27d7660b9b729d4f8af9a8d49","CURRENT_EFFECTIVE","Phoenix product/Journey clauses as written","narration-voice-picker-001","Explicit human-review clauses","Explicit Founder-approval clauses","CI/runtime/evidence gates","","","Newer explicit supersession > specific canonical standard > stable baseline > product principles"
"docs/one-screen-interface-rule.md","main@e3d1f30b951d6ab27d7660b9b729d4f8af9a8d49","CURRENT_EFFECTIVE","Phoenix product/Journey clauses as written","one-screen-interface-rule-001|one-screen-interface-rule-002|one-screen-interface-rule-003|one-screen-interface-rule-004|one-screen-interface-rule-005|one-screen-interface-rule-006","Explicit human-review clauses","Explicit Founder-approval clauses","CI/runtime/evidence gates","","","Newer explicit supersession > specific canonical standard > stable baseline > product principles"
"docs/development-workflow.md","main@e3d1f30b951d6ab27d7660b9b729d4f8af9a8d49","CURRENT_EFFECTIVE","Phoenix product/Journey clauses as written","","Explicit human-review clauses","Explicit Founder-approval clauses","CI/runtime/evidence gates","","","Newer explicit supersession > specific canonical standard > stable baseline > product principles"
"docs/ACCEPTANCE_CHECKLIST.md","main@e3d1f30b951d6ab27d7660b9b729d4f8af9a8d49","CURRENT_EFFECTIVE","Phoenix product/Journey clauses as written","","Explicit human-review clauses","Explicit Founder-approval clauses","CI/runtime/evidence gates","","","Newer explicit supersession > specific canonical standard > stable baseline > product principles"
"docs/PRODUCT_BIBLE.md","main@e3d1f30b951d6ab27d7660b9b729d4f8af9a8d49","CURRENT_EFFECTIVE","Phoenix product/Journey clauses as written","","Explicit human-review clauses","Explicit Founder-approval clauses","CI/runtime/evidence gates","","","Newer explicit supersession > specific canonical standard > stable baseline > product principles"
"docs/PRODUCT_PRINCIPLES.md","main@e3d1f30b951d6ab27d7660b9b729d4f8af9a8d49","CURRENT_EFFECTIVE","Phoenix product/Journey clauses as written","PRODUCT_PRINCIPLES-001|PRODUCT_PRINCIPLES-002","Explicit human-review clauses","Explicit Founder-approval clauses","CI/runtime/evidence gates","","","Newer explicit supersession > specific canonical standard > stable baseline > product principles"
